﻿<?xml version="1.0" encoding="utf-8"?>

<Window x:Class=""
        xmlns="http://schemas.microsoft.com/winfx/2006/xaml/presentation"
        xmlns:x="http://schemas.microsoft.com/winfx/2006/xaml"
        xmlns:d="http://schemas.microsoft.com/expression/blend/2008"
        xmlns:mc="http://schemas.openxmlformats.org/markup-compatibility/2006">


  <ControlTemplate x:Key="CheckBoxTemplate" TargetType="CheckBox">
    <Border BorderBrush="{TemplateBinding BorderBrush}" BorderThickness="{TemplateBinding BorderThickness}"
            Background="{TemplateBinding Background}">
      <Grid>
        <Grid.RowDefinitions>
          <RowDefinition Height="*" />
          <RowDefinition Height="25" />
        </Grid.RowDefinitions>

        <Rectangle x:Name="NormalRectangle"
                   Fill="{ThemeResources CheckBoxBackgroundThemeBrush}"
                   Stroke="{ThemeResources CheckBoxBorderThemeBrush}"
                   StrokeThickness="{ThemeResource CheckBoxBorderThemeThickness}"
                   UseLayoutRounding="False" Height="21" Width="21" />
        
        <!-- Create an x to indicate teh checkbox is selected-->
        <Path x:Name="CheckGlyph"
              Data="M103,240 L111,240 119,248 127,240 135,240 123,252 135,264 127,264 119,257 111,264 103,264 114,252 z"
              Fill="{ThemeResource CheckBoxForegroundThemeBrush}"
              FlowDirection="LeftToRight"
              Height="14" Width="16" Opacity="0" Stretch="Fill" />
        <Rectangle x:Name="IndeterminateGlyph"
                   Fill="{ThemeResource CheckBoxForegroundThemeBrush}"
                   Height="9" Width="9" Opacity="0" UseLayoutRounding="False" />
        <!-- Please note that the Opacity is 0 so as to not display the "check" on init, only on click  -->
        <ContentPresenter x:Name="ContentPresenter" ContentTemplate="{TemplateBinding ContentTemplate}"
                          Content="{TemplateBinding Content}" Margin="{TemplateBinding Padding"
                          Grid.Row="1"
                          HorizontalAlignment="{TemplateBinding HorizontalContentAlignment}"
                          VerticalAlignment="{TemplateBinding VerticalContentAlignment}" />
      </Grid>
    </Border>
  </ControlTemplate>
  
 <!-- Above specifies teh visual structure of a control.
 The Visual behaviour must be specified as well, however. 
 
 Has 3 states: Checked (IsChecked=T), Unchecked (IsChecked=F), Indeterminate (IsChecked=Null)
 
 Below, the appearance of teh checkbox is set, X if T, empty if F, rectangle if null-->


  <ControlTemplate TargetType="CheckBox" x:Key="CheckBoxTemplate1">
    <Border BorderBrush="{TemplateBinding BorderBrush}" BorderThickness="{TemplateBinding BorderTHickness}"
            Background="{TemplateBinding Background}">
      <VisualStateManager.VisualStateGroups>
        <VisualStateGroup x:Name="CheckStates">
          <VisualState x:Name="Checked">
            <Storyboard>
              <DoubleAnimation Duration="0" To="1"
                               Storyboard.TargetProperty="Opacity"
                               Storyboard.TargetName="CheckGlyph" />
            </Storyboard>
          </VisualState>
        </VisualStateGroup>
      </VisualStateManager.VisualStateGroups>
      <Grid>
        <Grid.RowDefinitions>
          <RowDefinition Height="*" />
          <RowDefinition HEight="25" />                         
        </Grid.RowDefinitions>
        <Rectangle x:Name="NormalRectangle"
                   Fill="{ThemeResource CheckBoxBackgroundThemeBrush}"
                   Stroke="{ThemeResource CheckBoxBorderThemeBrush}"
                   StrokeThickness="{ThemeResource CheckBoxBorderThickness}"
                   UserLayoutRounding="False" Height="21" Width="21" />
        <!--Create an X to indicate the checkbox is being used-->
        <Path x:Name="CheckGlyph"
               Data="M103,240 L111,240 119,248 127,240 135,240 123,252 135,264 127,264 119,257 111,264 103,264 114,252 z"
              Fill="{ThemeResource CheckBoxForegroundThemeBrush}"
              FlowDirection="LeftToRight"
              Height="14" Width="16" Opacity="0" Stretch="Fill" />
        <Rectangle x:Name="IndeterminateGlyph"
                   Fill="{ThemeResource CheckBoxForegroundThemeBrush}"
                   HEight="9" Width="9" Opacity="0" UseLayoutRounding="False" />

        <ContentPresenter x:Name="ContentPresenter" ContentTemplate="{TemplateBinding Padding}"
                          Grid.Row="1" HorizontalAlignment="{TemplateBinding HorizontalContentAlignment}"
                          VerticalAlignment="{TemplateBinding VerticalContentAlignment" />
        
      </Grid>
    </Border>
  </ControlTemplate>

</Window>
